{
  "version": 1,
  "author": "nada ahmed",
  "editor": "wokwi",
  "parts": [
    { "type": "wokwi-breadboard", "id": "bb1", "top": 102.6, "left": -227.6, "attrs": {} },
    {
      "type": "board-esp32-devkit-c-v4",
      "id": "esp",
      "top": -182.4,
      "left": -148.76,
      "attrs": {}
    },
    { "type": "wokwi-gas-sensor", "id": "gas1", "top": -6.9, "left": -396.2, "attrs": {} },
    {
      "type": "wokwi-dht22",
      "id": "dht1",
      "top": -134.1,
      "left": 13.8,
      "attrs": { "humidity": "41.5", "temperature": "24.8" }
    },
    { "type": "wokwi-servo", "id": "servo1", "top": -107.6, "left": 172.8, "attrs": {} },
    {
      "type": "wokwi-lcd1602",
      "id": "lcd1",
      "top": -368,
      "left": 197.6,
      "attrs": { "pins": "i2c" }
    },
    {
      "type": "wokwi-buzzer",
      "id": "bz1",
      "top": -189.6,
      "left": -363,
      "attrs": { "volume": "0.1" }
    },
    {
      "type": "wokwi-pir-motion-sensor",
      "id": "pir1",
      "top": -101.6,
      "left": -573.78,
      "attrs": {}
    },
    {
      "type": "wokwi-resistor",
      "id": "r1",
      "top": -207.25,
      "left": -470.4,
      "attrs": { "value": "220000" }
    },
    {
      "type": "wokwi-led",
      "id": "led1",
      "top": -262.8,
      "left": -658.6,
      "attrs": { "color": "red" }
    }
  ],
  "connections": [
    [ "esp:TX", "$serialMonitor:RX", "", [] ],
    [ "esp:RX", "$serialMonitor:TX", "", [] ],
    [ "esp:3V3", "bb1:tp.1", "green", [ "h0" ] ],
    [ "esp:GND.1", "bb1:tn.1", "black", [ "h0" ] ],
    [ "gas1:VCC", "bb1:tp.2", "red", [ "h0" ] ],
    [ "gas1:GND", "bb1:tn.2", "black", [ "h0" ] ],
    [ "gas1:AOUT", "esp:34", "green", [ "h0" ] ],
    [ "dht1:VCC", "bb1:tp.19", "red", [ "v0" ] ],
    [ "dht1:GND", "bb1:tn.19", "black", [ "v0" ] ],
    [ "servo1:V+", "bb1:tp.30", "green", [ "h0" ] ],
    [ "servo1:GND", "bb1:tn.30", "black", [ "h0" ] ],
    [ "lcd1:GND", "bb1:tn.15", "black", [ "h0" ] ],
    [ "lcd1:VCC", "bb1:tp.15", "red", [ "h0" ] ],
    [ "lcd1:SDA", "esp:23", "green", [ "h0" ] ],
    [ "lcd1:SCL", "esp:22", "green", [ "h0" ] ],
    [ "bz1:1", "bb1:tn.5", "green", [ "v0" ] ],
    [ "pir1:VCC", "bb1:tp.6", "red", [ "v0" ] ],
    [ "pir1:GND", "bb1:tn.6", "black", [ "v0" ] ],
    [ "lcd1:SDA", "esp:21", "green", [ "h0" ] ],
    [ "led1:A", "r1:1", "green", [ "v0" ] ],
    [ "led1:C", "bb1:tn.8", "green", [ "v0" ] ],
    [ "dht1:SDA", "esp:15", "green", [ "v0" ] ],
    [ "pir1:OUT", "esp:35", "green", [ "v0" ] ],
    [ "servo1:PWM", "esp:14", "green", [ "h0" ] ],
    [ "r1:2", "esp:12", "green", [ "v0" ] ],
    [ "bz1:2", "esp:13", "green", [ "v0" ] ]
  ],
  "dependencies": {}
}